"","id_customer","sales_order","order_kubikasi","order_kg","tanggal_kirim_min","tanggal_kirim_max"
"1","1001","110407120",0.045564,19.446084,2022-12-05,2022-12-07
"2","1001","110407121",0.09630402,19.540098,2022-12-05,2022-12-07
"3","1001","110407119",0.04518678,12.77226,2022-12-05,2022-12-07
"4","1001","110407118",0.0388,2.71996,2022-12-05,2022-12-07
"5","1002","110407122",0.13270404,28.247238,2022-12-05,2022-12-07
"6","1002","110407123",0.07573248,33.005008008,2022-12-05,2022-12-07
"7","1002","110407226",0.07145136,32.116008,2022-12-06,2022-12-06
"8","1002","110407225",0.0608,6.628,2022-12-06,2022-12-06
"9","1002","110407224",0.16219188,29.020566,2022-12-06,2022-12-06
"10","1003","110407128",0.00936,6.216,2022-12-06,2022-12-06
"11","1003","110407462",0.051542,0,2022-12-10,2022-12-10
"12","1003","110407227",0.00768,5.44608,2022-12-06,2022-12-06
"13","1003","110407127",0.06396,13.04376,2022-12-06,2022-12-06
"14","1004","193800766",0.0837,21.18006,2022-12-02,2022-12-03
"15","1004","938600826",1.3281,194.9571,2022-12-02,2022-12-03
"16","1004","111172474",1.20413088,218.957995984,2022-12-02,2022-12-03
"17","1004","111172473",12.0024092,1823.703684,2022-12-02,2022-12-03
"18","1004","111172774",0.73411836,133.37616,2022-12-08,2022-12-09
"19","1004","938600827",0.699,102.609,2022-12-08,2022-12-09
"20","1005","110407249",1.45513656,699.205119552,2022-12-06,2022-12-08
"21","1006","110406948",0.1536,108.3792,2022-12-01,2022-12-01
"22","1006","110407352",0.3174,66.0456,2022-12-07,2022-12-07
"23","1007","1821/PBI/KPS/XI/2022",0.076,54.46,2022-12-02,2022-12-02
"24","1007","1828/PBI/QZZ/XI/2022",0.1,0,2022-12-02,2022-12-02
"25","1008","111172668",1.18871424,320.401409352,2022-12-05,2022-12-06
"26","1008","111172666",11.85622178,3549.359146118,2022-12-05,2022-12-06
"27","1008","111172667",0.89162536,182.337728,2022-12-05,2022-12-06
"28","1008","0880/Titipan/WRP/EBW/XII/2022",0.092,20,2022-12-07,2022-12-07
"29","1009","111172696",8.67904,2262.6256,2022-12-07,2022-12-08
"30","1009","111172697",1.8605619,526.5,2022-12-07,2022-12-08
"31","1009","111172698",1.4454972,416.42649972,2022-12-07,2022-12-08
"32","1009","111172699",6.52538736,1879.868198736,2022-12-07,2022-12-08
"33","10010","111172677",0.80784,275.735019948,2022-12-06,2022-12-06
"34","10011","111172728",2.79736,696.2504,2022-12-07,2022-12-08
"35","10011","111172730",0.87291,203.72865,2022-12-07,2022-12-08
"36","10011","111172729",0.95095386,269.1,2022-12-07,2022-12-08
"37","10012","111172678",0.08016,24.401000004,2022-12-06,2022-12-06
"38","10013","111172400",1.44973992,289.478052,2022-12-01,2022-12-04
"39","10013","111172670",0.53948784,170.180679624,2022-12-05,2022-12-07
"40","10013","111172669",5.81515228,1608.446751978,2022-12-05,2022-12-07
"41","10014","111172719",4.70819088,1356.360599088,2022-12-07,2022-12-12
"42","10014","111172714",0.24807492,70.2,2022-12-07,2022-12-08
"43","10014","111172713",0.5826,168.192,2022-12-07,2022-12-08
"44","10014","111172718",0.24807492,70.2,2022-12-07,2022-12-12
"45","10014","111172716",12.0042,3093.732,2022-12-07,2022-12-12
"46","10014","111172715",4.70819088,1356.360599088,2022-12-07,2022-12-08
"47","10014","111172717",0.5826,168.192,2022-12-07,2022-12-12
"48","10014","111172712",12.0042,3093.732,2022-12-07,2022-12-08
"49","10015","111172605",5.16864,1316.855,2022-12-05,2022-12-06
"50","10015","111172606",1.4471037,409.5,2022-12-05,2022-12-06
"51","10015","111172608",0.26565,60.26115,2022-12-05,2022-12-06
"52","10015","111172607",5.39385,1223.56335,2022-12-05,2022-12-06
"53","10016","111172547",4.7232,1186.6026,2022-12-05,2022-12-06
"54","10016","111172549",3.0492,691.6932,2022-12-05,2022-12-06
"55","10016","111172548",1.61248698,456.3,2022-12-05,2022-12-06
"56","10017","111172560",0.7392,167.6832,2022-12-05,2022-12-06
"57","10017","111172557",6.5918,1654.08,2022-12-05,2022-12-06
"58","10017","111172558",2.6874783,760.5,2022-12-05,2022-12-06
"59","10017","111172559",2.7258,618.3318,2022-12-05,2022-12-06
"60","10018","111172613",7.6628,1926.72,2022-12-05,2022-12-06
"61","10018","111172615",2.80605,628.22715,2022-12-05,2022-12-06
"62","10018","111172616",1.14345,259.38495,2022-12-05,2022-12-06
"63","10018","111172614",1.6538328,468,2022-12-05,2022-12-06
"64","10019","111172566",2.2740201,643.5,2022-12-05,2022-12-06
"65","10019","111172565",4.3958,1124.128,2022-12-05,2022-12-06
"66","10019","111172567",3.0214,684.27908,2022-12-05,2022-12-06
"67","10020","111172618",5.1682275,1462.5,2022-12-05,2022-12-06
"68","10020","111172617",4.35188,1079.936,2022-12-05,2022-12-06
"69","10020","111172619",1.9635,445.4085,2022-12-05,2022-12-06
"70","10021","111172626",4.5045,1021.8195,2022-12-05,2022-12-06
"71","10021","111172624",0.49614984,140.4,2022-12-05,2022-12-06
"72","10021","111172625",3.22497396,912.6,2022-12-05,2022-12-06
"73","10021","111172623",11.478,2928.48,2022-12-05,2022-12-06
"74","10022","111172640",2.39805756,678.6,2022-12-05,2022-12-06
"75","10022","111172642",8.14565,1823.97427,2022-12-05,2022-12-06
"76","10022","111172641",3.84516126,1088.1,2022-12-05,2022-12-06
"77","10022","111172639",9.61196,2417.328,2022-12-05,2022-12-06
"78","10022","111172643",2.19625,505.01151,2022-12-05,2022-12-06
"79","10023","111172725",1.84372,451.672,2022-12-07,2022-12-08
"80","10023","111172726",1.4471037,409.5,2022-12-07,2022-12-08
"81","10023","111172727",2.29788,530.4183,2022-12-07,2022-12-08
"82","10024","111172679",0.18384,41.548599996,2022-12-06,2022-12-06
"83","10025","111172732",0.78557058,222.3,2022-12-07,2022-12-08
"84","10025","111172733",0.62559,140.65059,2022-12-07,2022-12-08
"85","10025","111172731",1.55348,380.7872,2022-12-07,2022-12-08
"86","10026","111172595",2.93555322,830.7,2022-12-05,2022-12-12
"87","10026","111172592",2.5022,576.10588,2022-12-05,2022-12-06
"88","10026","111172596",2.5022,576.10588,2022-12-05,2022-12-12
"89","10026","111172590",0.69192,205.5964,2022-12-05,2022-12-06
"90","10026","111172589",12.01872,3013.12592,2022-12-05,2022-12-06
"91","10026","111172593",12.01872,3013.12592,2022-12-05,2022-12-12
"92","10026","111172591",2.93555322,830.7,2022-12-05,2022-12-06
"93","10026","111172594",0.69192,205.5964,2022-12-05,2022-12-12
"94","10027","111172658",1.15768296,327.6,2022-12-05,2022-12-06
"95","10027","111172659",5.4919,1228.07978,2022-12-05,2022-12-06
"96","10027","111172657",1.62888,414.565,2022-12-05,2022-12-06
"97","10028","111172663",2.71436,685.2,2022-12-05,2022-12-06
"98","10028","111172664",1.36441206,386.1,2022-12-05,2022-12-06
"99","10028","111172665",3.40705,770.09975,2022-12-05,2022-12-06
"100","10029","111172571",11.9974,2956.56,2022-12-05,2022-12-06
"101","10029","111172575",4.2314,959.94732,2022-12-05,2022-12-06
"102","10029","111172573",5.87110644,1661.4,2022-12-05,2022-12-06
"103","10029","111172572",6.06008,1569.5768,2022-12-05,2022-12-06
"104","10029","111172574",0.0462,10.4802,2022-12-05,2022-12-06
"105","10030","111172410",0.90859824,261.753799824,2022-12-01,2022-12-05
"106","10030","111172411",1.1371,138.322,2022-12-01,2022-12-05
"107","10030","111172409",3.11442,663.3778,2022-12-01,2022-12-05
"108","10030","111172408",5.79032,1416.2402,2022-12-01,2022-12-05
"109","10031","111172414",0.1564,26.06168,2022-12-01,2022-12-05
"110","10031","111172415",0.12389976,35.693699976,2022-12-01,2022-12-05
"111","10031","111172413",3.75489,854.13625,2022-12-01,2022-12-05
"112","10031","111172412",8.24972,2080.68868,2022-12-01,2022-12-05
"113","10031","111172416",1.24485,143.478,2022-12-01,2022-12-05
"114","10032","111172433",0.45480402,128.7,2022-12-01,2022-12-05
"115","10032","111172434",3.12812,719.9752,2022-12-01,2022-12-05
"116","10032","111172432",2.47712,648.03592,2022-12-01,2022-12-05
"117","10032","113028469",0.22968,39.105,2022-12-01,2022-12-05
"118","10032","111172436",0.6435,80.64,2022-12-01,2022-12-05
"119","10032","111172435",0.6194988,178.46849988,2022-12-01,2022-12-05
"120","10033","111172781",4.5429912,1308.76899912,2022-12-09,2022-12-10
"121","10033","111172782",2.6844948,773.36349948,2022-12-09,2022-12-10
"122","10033","111172780",0.70287894,198.9,2022-12-09,2022-12-10
"123","10033","111172779",6.72988,1774.372,2022-12-09,2022-12-10
"124","10034","110407117",0.43938888,161.621496,2022-12-05,2022-12-05
"125","10034","110406947",0.21088008,100.16784,2022-12-01,2022-12-01
"126","10035","110407459",0.0384,27.0948,2022-12-09,2022-12-15
"127","10036","110407314",0.20238398,43.482876,2022-12-07,2022-12-12
"128","10036","110407316",0.02685792,4.92,2022-12-07,2022-12-12
"129","10036","110407115",0.1536,108.9216,2022-12-05,2022-12-13
"130","10036","110407116",0.0768,54.4608,2022-12-05,2022-12-13
"131","10036","110407315",0.08845992,22.139964,2022-12-07,2022-12-12
"132","10037","110407124",0.02304,16.25688,2022-12-05,2022-12-12
"133","10038","110407317",2.7522,1032.34299912,2022-12-07,2022-12-07
"134","10038","110407364",0,0,2022-12-08,2022-12-08
"135","10038","110407318",0.1038815,20.613254159,2022-12-07,2022-12-07
"136","10039","110407103",0.0396,26.7684,2022-12-05,2022-12-13
"137","10039","110406975",0.01482,0,2022-12-02,2022-12-10
"138","10040","110407102",0.04752,32.12208,2022-12-05,2022-12-13
"139","10041","110406944",0.01482,2.41002,2022-12-01,2022-12-07
"140","10041","110406943",0.0396,26.7684,2022-12-01,2022-12-07
"141","10042","110406945",0.01482,2.41002,2022-12-01,2022-12-07
"142","10043","115131597",0.01584,10.70736,2022-12-07,2022-12-15
"143","10044","110407200",0.01536,10.89024,2022-12-06,2022-12-10
"144","10044","110407367",0.0192,2.44008,2022-12-08,2022-12-12
"145","10044","110407298",0.05446,8.08562,2022-12-07,2022-12-12
"146","10044","110407480",0.01056,0,2022-12-10,2022-12-15
"147","10045","110407404",0.04063992,10.56012,2022-12-09,2022-12-13
"148","10045","110407490",0.01056,0,2022-12-10,2022-12-15
"149","10045","110407188",0.00768,5.44512,2022-12-06,2022-12-10
"150","10045","110407489",0.02330556,0,2022-12-10,2022-12-15
"151","10045","110407052",0.07916256,20.86596756,2022-12-05,2022-12-08
"152","10045","110407101",0.0162,1.95996,2022-12-05,2022-12-09
"153","10046","110407369",0.02323512,16.19976,2022-12-08,2022-12-09
"154","10046","110407186",0.00768,5.44512,2022-12-06,2022-12-10
"155","10046","110407053",0.039542,3.39552,2022-12-05,2022-12-08
"156","10047","110407492",0.00768,5.44608,2022-12-10,2022-12-17
"157","10047","110407050",0.12033012,31.435356,2022-12-05,2022-12-07
"158","10047","110407289",0.0096,1.22004,2022-12-07,2022-12-12
"159","10047","110407288",0.0096,1.22004,2022-12-07,2022-12-12
"160","10047","110407297",0.08561964,20.783724,2022-12-07,2022-12-12
"161","10047","110407214",0.00768,5.44512,2022-12-06,2022-12-10
"162","10047","110407488",0.01056,0,2022-12-10,2022-12-15
"163","10048","110406908",0.02568,3.23004,2022-12-01,2022-12-05
"164","10048","110406768",0.05073408,16.24608,2022-12-01,2022-12-02
"165","10048","110407213",0.00768,5.44512,2022-12-06,2022-12-10
"166","10048","110407487",0.01056,0,2022-12-10,2022-12-15
"167","10048","110407292",0.00768,5.44992,2022-12-07,2022-12-10
"168","10049","110407291",0.02064,10.47072,2022-12-07,2022-12-12
"169","10049","110407493",0.09468804,24.61668,2022-12-10,2022-12-17
"170","10049","110407290",0.0192,2.44008,2022-12-07,2022-12-12
"171","10049","110407216",0.02304,16.33536,2022-12-06,2022-12-10
"172","10050","110407485",0.01056,0,2022-12-10,2022-12-15
"173","10050","110407205",0.00768,5.44512,2022-12-06,2022-12-10
"174","10050","110407190",0.0949758,35.044564008,2022-12-06,2022-12-10
"175","10050","110407366",0.032784,11.397036,2022-12-08,2022-12-09
"176","10051","110407484",0.01056,0,2022-12-10,2022-12-15
"177","10051","110407208",0.01536,10.89024,2022-12-06,2022-12-10
"178","10051","110407092",0.16445988,32.083068,2022-12-05,2022-12-07
"179","10051","110407094",0.2201712,76.119732,2022-12-05,2022-12-07
"180","10052","110407098",0.0192,7.14408,2022-12-05,2022-12-10
"181","10052","110407481",0.01056,0,2022-12-10,2022-12-15
"182","10052","110407202",0.00768,5.44512,2022-12-06,2022-12-10
"183","10052","110407108",0.02682996,5.110044,2022-12-05,2022-12-10
"184","10052","110407399",0.00948,7.40004,2022-12-09,2022-12-13
"185","10052","110407285",0,0,2022-12-07,2022-12-10
"186","10053","110407204",0.00768,5.44512,2022-12-06,2022-12-10
"187","10053","110407486",0.01056,0,2022-12-10,2022-12-15
"188","10054","110407212",0.00768,5.44512,2022-12-06,2022-12-10
"189","10055","110407051",0.01032,5.23536,2022-12-05,2022-12-07
"190","10055","110407286",0.10199826,25.29498,2022-12-07,2022-12-10
"191","10056","110407211",0.00768,5.44512,2022-12-06,2022-12-10
"192","10056","110407403",0.00768,5.44608,2022-12-09,2022-12-13
"193","10057","110407295",0.02634402,5.899998,2022-12-07,2022-12-12
"194","10057","110407483",0.01056,0,2022-12-10,2022-12-15
"195","10057","110407207",0.01536,10.89024,2022-12-06,2022-12-10
"196","10057","110407055",0.11531616,25.013792004,2022-12-05,2022-12-10
"197","10057","110407191",0.05605512,16.39374,2022-12-06,2022-12-10
"198","10058","110407482",0.01056,0,2022-12-10,2022-12-15
"199","10058","110407203",0.00768,5.44512,2022-12-06,2022-12-10
"200","10058","110407099",0.01722996,3.890004,2022-12-05,2022-12-09
"201","10059","110406928",0.06162,8.8809,2022-12-01,2022-12-03
"202","10059","110406926",0.03432,5.92008,2022-12-01,2022-12-03
"203","10059","110407372",0.03269256,16.166079996,2022-12-08,2022-12-10
"204","10059","110407479",0.01056,0,2022-12-10,2022-12-15
"205","10059","110407100",0.09618822,36.724578006,2022-12-05,2022-12-09
"206","10059","110407400",0.04404,16.5036,2022-12-09,2022-12-10
"207","10059","110407371",0.04585818,13.070676,2022-12-08,2022-12-10
"208","10060","110407210",0.00768,5.44512,2022-12-06,2022-12-10
"209","10061","110407456",0.00792,5.35368,2022-12-09,2022-12-16
"210","10061","110407457",0.06898536,49.017360024,2022-12-09,2022-12-16
"211","10062","110407073",0.0248868,3.617748,2022-12-05,2022-12-12
"212","10062","110407349",0.03072,21.79104,2022-12-07,2022-12-13
"213","10063","110407362",0.11313564,39.155169,2022-12-08,2022-12-15
"214","10063","110407077",0.06144,43.52976,2022-12-05,2022-12-12
"215","10064","110407079",0.02173452,8.8875,2022-12-05,2022-12-12
"216","10064","110407497",0.02449278,0,2022-12-10,2022-12-19
"217","10065","110407133",0.09202536,65.361360024,2022-12-06,2022-12-12
"218","10066","110407134",0.03067512,21.787120008,2022-12-06,2022-12-12
"219","10067","110407350",0.06542742,45.844932,2022-12-07,2022-12-14
"220","10068","110407078",0.01953,7.8312,2022-12-05,2022-12-12
"221","10069","110407244",0.10436136,23.502239004,2022-12-06,2022-12-13
"222","10070","110407496",0.1813719,0,2022-12-10,2022-12-19
"223","10070","110406876",0.18090582,0,2022-12-01,2022-12-06
"224","10071","110407074",0.12389465,26.973548,2022-12-05,2022-12-12
"225","10072","110407458",0.09207024,65.362400016,2022-12-09,2022-12-16
"226","10072","110407455",0.01536,10.83792,2022-12-09,2022-12-16
"227","10073","110407076",0.1284131,36.542553,2022-12-05,2022-12-12
"228","10074","110407075",0.34798578,103.320185994,2022-12-05,2022-12-12
"229","10074","110407363",0.05524048,25.6167,2022-12-08,2022-12-15
"230","10075","110407081",0.15599694,52.990369332,2022-12-05,2022-12-12
"231","10076","110407022",0.02751774,9.159254004,2022-12-05,2022-12-10
"232","10077","110407019",0.11900982,27.07075326,2022-12-05,2022-12-10
"233","10078","110407021",0.01584,10.70736,2022-12-05,2022-12-10
"234","10079","110407113",0.34242282,102.301221774,2022-12-05,2022-12-05
"235","10080","110407389",0.03936,13.488,2022-12-08,2022-12-22
"236","10080","110407392",0.12739398,29.742618,2022-12-08,2022-12-22
"237","10080","110407393",0.12828276,36.149205996,2022-12-08,2022-12-22
"238","10080","110407391",0.11443644,27.496204002,2022-12-08,2022-12-22
"239","10080","110407395",0.12081906,37.835911998,2022-12-08,2022-12-22
"240","10080","110407390",0.00792,5.35368,2022-12-08,2022-12-08
"241","10081","111172450",0.2064996,59.48949996,2022-12-01,2022-12-05
"242","10081","111172451",0.15025,17.1592,2022-12-01,2022-12-05
"243","10081","111172449",1.46258,316.36162,2022-12-01,2022-12-05
"244","10081","111172448",2.0486,553.76,2022-12-01,2022-12-05
"245","10082","113028473",0.08112,30.46104,2022-12-01,2022-12-05
"246","10082","111172452",3.6381783,959.426408016,2022-12-01,2022-12-05
"247","10083","111172478",2.9376,0,2022-12-02,2022-12-03
"248","10083","113028478",0.39672,0,2022-12-02,2022-12-03
"249","10083","111172481",0.15025,0,2022-12-02,2022-12-03
"250","10083","111172480",0.73025,0,2022-12-02,2022-12-03
"251","10083","111172479",0.12403746,0,2022-12-02,2022-12-03
"252","10084","111172308",0.19113,37.62285,2022-12-01,2022-12-05
"253","10084","111172307",0.96776,255.85996,2022-12-01,2022-12-05
"254","10084","111172309",0.0215,1.8596,2022-12-01,2022-12-05
"255","10085","111172312",0.48445566,149.490142048,2022-12-01,2022-12-05
"256","10085","111172313",0.04248,8.038882008,2022-12-01,2022-12-05
"257","10086","111172490",0.8204,153.598,2022-12-02,2022-12-05
"258","10086","111172491",1.251,284.6006,2022-12-02,2022-12-05
"259","10087","111172497",6.52064,1488.70164,2022-12-02,2022-12-05
"260","10087","111172499",4.129992,1189.7899992,2022-12-02,2022-12-05
"261","10087","111172496",5.48448,1317.82832,2022-12-02,2022-12-05
"262","10087","113028480",0.03924,6.6816,2022-12-02,2022-12-05
"263","10087","111172500",0.32175,40.32,2022-12-02,2022-12-05
"264","10087","111172498",1.5854,318.94788,2022-12-02,2022-12-05
"265","10088","111172277",0.0384,27.0948,2022-12-01,2022-12-04
"266","10088","113028449",0.8868432,205.27872,2022-12-01,2022-12-04
"267","10088","111172276",6.92170974,1876.626758014,2022-12-01,2022-12-04
"268","10088","0878/Titipan/WRP/EBW/XII/2022",0.13,27,2022-12-05,2022-12-05
"269","10089","111172534",0.64068,122.564759964,2022-12-05,2022-12-05
"270","10090","110407477",0.00936,0,2022-12-10,2022-12-15
"271","10091","110407245",0.16354404,34.598316,2022-12-06,2022-12-13
"272","10092","110406785",0.1,0,2022-12-01,2022-12-01
"273","10092","110407248",0.3319512,129.855643992,2022-12-06,2022-12-13
"274","10093","110407114",0.05136,6.46008,2022-12-05,2022-12-13
"275","10093","NRO 86030/8001",0.1,0,2022-12-01,2022-12-01
"276","10093","110407112",0.26225142,131.62176,2022-12-05,2022-12-11
"277","10093","110407109",0.01716,2.34276,2022-12-05,2022-12-11
"278","10093","110407111",0.30607044,79.282944,2022-12-05,2022-12-11
"279","10093","110407110",0.18501132,45.094063992,2022-12-05,2022-12-11
"280","10094","115131552",0.02667,3.25746,2022-12-07,2022-12-12
"281","10094","115131551",0.04418322,13.446730007,2022-12-07,2022-12-12
"282","10094","115131550",0.14955168,23.066542002,2022-12-07,2022-12-12
"283","10094","115131553",0.02961756,18.78132,2022-12-07,2022-12-12
"284","10094","115131684",0.00612,0,2022-12-10,2022-12-10
"285","10094","115131436",0.01308,2.2272,2022-12-05,2022-12-05
"286","10094","115131549",0.07927519,18.61966,2022-12-07,2022-12-12
"287","10094","115131342",0.01536,10.83792,2022-12-01,2022-12-14
"288","10095","115131601",0.04618088,12.568289268,2022-12-07,2022-12-12
"289","10095","115131598",0.027261,6.081,2022-12-07,2022-12-12
"290","10095","115131345",0.00768,5.41896,2022-12-01,2022-12-14
"291","10095","115131602",0.25608,179.508,2022-12-07,2022-12-12
"292","10095","115131600",0.00358167,1.89083,2022-12-07,2022-12-12
"293","10095","115131364",0.03849398,5.279802,2022-12-01,2022-12-05
"294","10095","115131599",0.07385448,11.103561,2022-12-07,2022-12-12
"295","10095","115131363",0.05193597,11.878929,2022-12-01,2022-12-05
"296","10096","115131649",0.02685756,19.062200004,2022-12-08,2022-12-14
"297","10096","115131374",0.01507672,5.40506326,2022-12-01,2022-12-07
"298","10096","115131376",0.01704,8.94876,2022-12-01,2022-12-07
"299","10096","115131323",0.01308,2.2272,2022-12-01,2022-12-13
"300","10096","115131512",0.08147653,13.330415001,2022-12-06,2022-12-12
"301","10096","115131646",0.01628175,8.67249,2022-12-08,2022-12-14
"302","10096","115131409",0.01536,10.83792,2022-12-05,2022-12-05
"303","10096","115131648",0.0324,3.71745,2022-12-08,2022-12-14
"304","10096","115131375",0.05517,6.32487,2022-12-01,2022-12-07
"305","10096","115131373",0.007896,2.855991,2022-12-01,2022-12-07
"306","10096","115131647",0.024026,7.018299,2022-12-08,2022-12-14
"307","10096","115131511",0.03861202,9.012793,2022-12-06,2022-12-12
"308","10096","115131645",0.003696,1.241751,2022-12-08,2022-12-14
"309","10097","115131324",0.01308,2.2272,2022-12-01,2022-12-13
"310","10097","115131528",0.1308,22.272,2022-12-07,2022-12-20
"311","10097","115131537",0.12925175,25.919356,2022-12-07,2022-12-12
"312","10097","115131426",0.01308,2.2272,2022-12-05,2022-12-05
"313","10097","115131540",0.2338104,66.680834568,2022-12-07,2022-12-12
"314","10097","115131539",0.35249118,62.720219004,2022-12-07,2022-12-10
"315","10097","115131542",0.14871024,103.05888,2022-12-07,2022-12-12
"316","10097","115131541",0.04356,5.16,2022-12-07,2022-12-10
"317","10097","115131586",0.0768,54.4608,2022-12-07,2022-12-11
"318","10097","115131538",0.002952,1.637502,2022-12-07,2022-12-10
"319","10097","115131410",0.01536,10.83792,2022-12-05,2022-12-05
"320","10098","115131660",0.08071512,57.136600008,2022-12-08,2022-12-14
"321","10098","115131659",0.02094,2.595,2022-12-08,2022-12-14
"322","10098","115131658",0.00838672,2.144672,2022-12-08,2022-12-14
"323","10098","115131386",0.00998008,2.689500008,2022-12-01,2022-12-07
"324","10098","115131383",0.06908692,9.938184,2022-12-01,2022-12-07
"325","10098","115131657",0.04276557,5.759115,2022-12-08,2022-12-14
"326","10098","115131656",0.08898558,21.657498,2022-12-08,2022-12-14
"327","10098","115131382",0.109272,25.96299,2022-12-01,2022-12-07
"328","10098","115131384",0.00522501,2.8425,2022-12-01,2022-12-07
"329","10098","115131344",0.01536,10.83792,2022-12-01,2022-12-14
"330","10098","115131385",0.00339,0.114,2022-12-01,2022-12-07
"331","10098","115131387",0.01536,10.89216,2022-12-01,2022-12-07
"332","10098","115131437",0.01308,2.2272,2022-12-05,2022-12-05
"333","10099","115131667",0.1152,81.6864,2022-12-08,2022-12-13
"334","10099","115131636",0.0384,27.2304,2022-12-08,2022-12-18
"335","10099","115131339",0.01536,10.83792,2022-12-01,2022-12-14
"336","10099","115131521",0.05042106,7.970922,2022-12-06,2022-12-12
"337","10099","115131520",0.04102318,9.53652,2022-12-06,2022-12-12
"338","10099","115131522",0.00384,2.72496,2022-12-06,2022-12-12
"339","100100","115131557",0.01341,1.44747,2022-12-07,2022-12-12
"340","100100","115131351",0.01536,10.83792,2022-12-01,2022-12-14
"341","100100","115131442",0.01308,2.2272,2022-12-05,2022-12-05
"342","100100","115131556",0.00494,0.80334,2022-12-07,2022-12-12
"343","100100","115131554",0.05081505,10.989998004,2022-12-07,2022-12-12
"344","100100","115131558",0.05236,33.15224,2022-12-07,2022-12-12
"345","100100","115131406",0.01828556,5.606992,2022-12-05,2022-12-05
"346","100100","115131555",0.02396904,5.013918,2022-12-07,2022-12-12
"347","100101","115131571",0.07254352,11.200314,2022-12-07,2022-12-13
"348","100101","115131573",0.01983208,5.491078004,2022-12-07,2022-12-13
"349","100101","115131575",0.01164,8.12292,2022-12-07,2022-12-13
"350","100101","115131572",0.01076175,5.8425,2022-12-07,2022-12-13
"351","100101","115131569",0.06543319,14.977855,2022-12-07,2022-12-13
"352","100101","115131570",0.001476,0.818751,2022-12-07,2022-12-13
"353","100101","115131574",0.01746,1.93746,2022-12-07,2022-12-13
"354","100101","115131431",0.01308,2.2272,2022-12-05,2022-12-05
"355","100101","115131343",0.01536,10.83792,2022-12-01,2022-12-14
"356","100101","115131666",0.03602704,10.252328,2022-12-08,2022-12-11
"357","100102","115131349",0.01536,10.83792,2022-12-01,2022-12-14
"358","100102","115131703",0.06276986,0,2022-12-10,2022-12-10
"359","100102","115131663",0.00553674,3,2022-12-08,2022-12-14
"360","100102","115131481",0.05376,38.12256,2022-12-06,2022-12-11
"361","100102","115131440",0.01308,2.2272,2022-12-05,2022-12-05
"362","100102","115131665",0.0081,0.97998,2022-12-08,2022-12-14
"363","100102","115131702",0.01640658,0,2022-12-10,2022-12-10
"364","100102","115131699",0.10841082,0,2022-12-10,2022-12-10
"365","100102","115131701",0.02514,0,2022-12-10,2022-12-10
"366","100102","115131664",0.00494,0.80334,2022-12-08,2022-12-14
"367","100102","115131662",0.002952,1.637502,2022-12-08,2022-12-14
"368","100102","115131661",0.14232159,34.501488,2022-12-08,2022-12-14
"369","100102","115131698",0.15391552,0,2022-12-10,2022-12-10
"370","100103","115131425",0.0324,3.91992,2022-12-05,2022-12-05
"371","100103","115131678",0.08208,54.0432,2022-12-09,2022-12-15
"372","100103","115131546",0.06159168,16.241478528,2022-12-07,2022-12-12
"373","100103","115131677",0.10056,11.69976,2022-12-09,2022-12-15
"374","100103","115131422",0.004902,2.386122,2022-12-05,2022-12-05
"375","100103","115131681",0.10752,76.23936,2022-12-09,2022-12-14
"376","100103","115131673",0.08204193,17.610599004,2022-12-09,2022-12-15
"377","100103","115131341",0.01536,10.83792,2022-12-01,2022-12-14
"378","100103","115131548",0.05904,37.70016,2022-12-07,2022-12-12
"379","100103","115131435",0.01308,2.2272,2022-12-05,2022-12-05
"380","100103","115131423",0.01719348,11.034,2022-12-05,2022-12-05
"381","100103","115131545",0.10903104,15.69096,2022-12-07,2022-12-12
"382","100103","115131421",0.05682345,12.550340001,2022-12-05,2022-12-05
"383","100103","115131674",0.08680968,14.620241004,2022-12-09,2022-12-15
"384","100103","115131675",0.00494,0.80334,2022-12-09,2022-12-15
"385","100103","115131544",0.00888,1.692,2022-12-07,2022-12-12
"386","100103","115131547",0.01788,1.92996,2022-12-07,2022-12-12
"387","100103","115131676",0.046508,12.425098272,2022-12-09,2022-12-15
"388","100103","115131543",0.03702598,7.3746,2022-12-07,2022-12-12
"389","100103","115131424",0.02777112,7.748984,2022-12-05,2022-12-05
"390","100104","115131476",0.01156356,1.772622,2022-12-06,2022-12-12
"391","100104","115131689",0.01030704,0,2022-12-10,2022-12-10
"392","100104","115131475",0.007176,1.800249,2022-12-06,2022-12-12
"393","100104","115131439",0.01308,2.2272,2022-12-05,2022-12-05
"394","100104","115131688",0.00553674,0,2022-12-10,2022-12-10
"395","100104","115131686",0.02926436,0,2022-12-10,2022-12-10
"396","100104","115131692",0.02304,0,2022-12-10,2022-12-10
"397","100104","115131477",0.0259888,7.087750004,2022-12-06,2022-12-12
"398","100104","115131478",0.03336,21.5736,2022-12-06,2022-12-12
"399","100104","115131685",0.01936,0,2022-12-10,2022-12-10
"400","100104","115131687",0.001476,0,2022-12-10,2022-12-10
"401","100104","115131348",0.01536,10.83792,2022-12-01,2022-12-14
"402","100104","115131691",0.01299,0,2022-12-10,2022-12-10
"403","100105","115131588",0.04954837,10.2671,2022-12-07,2022-12-12
"404","100105","115131596",0.0528,35.09928,2022-12-07,2022-12-12
"405","100105","115131429",0.01308,2.2272,2022-12-05,2022-12-05
"406","100105","115131589",0.11325162,22.889228001,2022-12-07,2022-12-12
"407","100105","115131590",0.01670157,8.57874,2022-12-07,2022-12-12
"408","100105","115131592",0.0447456,11.664044532,2022-12-07,2022-12-12
"409","100105","115131338",0.01536,10.83792,2022-12-01,2022-12-14
"410","100105","115131595",0.02193,2.41995,2022-12-07,2022-12-12
"411","100105","115131591",0.00988000000000001,1.60668,2022-12-07,2022-12-12
"412","100106","115131697",0.0162849,0,2022-12-10,2022-12-10
"413","100106","115131441",0.01308,2.2272,2022-12-05,2022-12-05
"414","100106","115131690",0.03714302,0,2022-12-10,2022-12-10
"415","100106","115131350",0.00768,5.41896,2022-12-01,2022-12-14
"416","100106","115131696",0.02049756,0,2022-12-10,2022-12-10
"417","100106","115131448",0.00247,0.40167,2022-12-06,2022-12-06
"418","100106","115131695",0.0599851,0,2022-12-10,2022-12-10
"419","100106","115131694",0.02181849,0,2022-12-10,2022-12-10
"420","100106","115131693",0.00222,0,2022-12-10,2022-12-10
"421","100107","115131533",0.01183749,1.693419,2022-12-07,2022-12-11
"422","100107","115131536",0.06135024,43.525360008,2022-12-07,2022-12-11
"423","100107","115131432",0.01308,2.2272,2022-12-05,2022-12-05
"424","100107","115131334",0.01536,10.89216,2022-12-01,2022-12-10
"425","100107","115131534",0.00522501,2.8425,2022-12-07,2022-12-11
"426","100107","115131535",0.00669,2.004,2022-12-07,2022-12-11
"427","100107","115131434",0.08898609,14.754753,2022-12-05,2022-12-05
"428","100107","115131532",0.03568633,8.071880001,2022-12-07,2022-12-11
"429","100107","115131346",0.03072,21.67584,2022-12-01,2022-12-14
"430","100108","110406946",0.01482,2.41002,2022-12-01,2022-12-07
"431","100109","110407125",0.08949408,20.450600004,2022-12-06,2022-12-10
"432","100110","110407126",0.01032,5.23536,2022-12-06,2022-12-10
"433","100111","872003267",0.40707984,78.128976,2022-12-06,2022-12-07
"434","100111","872003252",1.26949956,336.218300004,2022-12-01,2022-12-03
"435","100112","872003265",0.06552,43.512,2022-12-05,2022-12-06
"436","100112","872003256",0.384,65.001,2022-12-01,2022-12-06
"437","100112","872003234",0.11208,13.54504,2022-12-01,2022-12-05
"438","100113","872003264",2.55186372,604.312947968,2022-12-05,2022-12-05
"439","100113","872003296",1.0148796,0,2022-12-10,2022-12-10
"440","100113","872003283",0.73842004,169.42406,2022-12-07,2022-12-07
"441","100113","872003290",0.43992,292.152,2022-12-09,2022-12-09
"442","100113","872003293",0.5736,144,2022-12-09,2022-12-09
"443","100113","872003257",1.79911936,575.919559936,2022-12-01,2022-12-04
"444","100113","872003287",2.70097524,753.056121992,2022-12-08,2022-12-08
"445","100113","872003273",1.9116354,516.675556,2022-12-06,2022-12-06
"446","100113","872003259",0.61246344,0,2022-12-02,2022-12-02
"447","100113","872003294",2.50073228,621.251423944,2022-12-09,2022-12-09
"448","100114","872003288",0.2808,186.48,2022-12-08,2022-12-08
"449","100115","872003249",0.21504,36.40056,2022-12-01,2022-12-02
"450","100115","872003244",0.11208,13.54504,2022-12-01,2022-12-02
"451","100115","872003245",8.76350622,2131.639531974,2022-12-01,2022-12-02
"452","100115","872003268",3.4820358,821.545192028,2022-12-06,2022-12-07
"453","100116","111172543",0.34878,73.358299992,2022-12-05,2022-12-05
"454","100117","111172755",0.3834,46.5606,2022-12-07,2022-12-07
"455","100118","872003275",5.8892462,2437.620224344,2022-12-07,2022-12-09
"456","100118","872003274",6.06499996,1295.83114,2022-12-06,2022-12-08
"457","100119","110406655",0.00962796,1.220004,2022-12-01,2022-12-04
"458","100119","110406656",0.13781424,37.283676,2022-12-01,2022-12-04
"459","100120","110407106",0.17103072,30.590196,2022-12-05,2022-12-07
"460","100120","110407105",0.09029388,30.147558,2022-12-05,2022-12-07
"461","100121","110407219",0.30851862,101.537559996,2022-12-06,2022-12-09
"462","100121","110407222",0.10167912,19.173276,2022-12-06,2022-12-09
"463","100121","110407218",0.03576,3.85992,2022-12-06,2022-12-09
"464","100122","110407305",0.01788,1.92996,2022-12-07,2022-12-07
"465","100122","110407307",0.12362148,25.828188,2022-12-07,2022-12-07
"466","100122","110407306",0.2971371,77.523484026,2022-12-07,2022-12-07
"467","100123","112002457",0.33370712,88.956955984,2022-12-06,2022-12-06
"468","100123","112002456",0.3617896,101.00536996,2022-12-05,2022-12-05
"469","100123","112002459",0.05021992,14.329899992,2022-12-07,2022-12-07
"470","100123","112002461",0.01852213,4.516297,2022-12-09,2022-12-09
"471","100123","112002455",0.67382452,179.85154996,2022-12-01,2022-12-01
"472","100124","Ambil CN",0.01032,5.23536,2022-12-01,2022-12-04
"473","100124","115131705",0.0096,1.22004,2022-12-10,2022-12-10
"474","100125","110407454",0.14736396,30.000012,2022-12-09,2022-12-15
"475","100125","110407301",0.02330556,5.000004,2022-12-07,2022-12-11
"476","100125","110406924",0.03533256,15.955359996,2022-12-01,2022-12-06
"477","100125","110407387",0.00962796,1.220004,2022-12-08,2022-12-12
"478","100125","110406925",0.00792,5.35368,2022-12-01,2022-12-06
"479","100126","110406923",0.07064052,20.405403996,2022-12-01,2022-12-07
"480","100126","110406970",0.05414004,15.79992,2022-12-02,2022-12-06
"481","100126","110407471",0.01224,0,2022-12-10,2022-12-15
"482","100127","110407386",0.01776,3.384,2022-12-08,2022-12-12
"483","100127","110407475",0.00948,0,2022-12-10,2022-12-15
"484","100127","110407303",0.01224,10.068,2022-12-07,2022-12-11
"485","100127","110407304",0.02330556,5.000004,2022-12-07,2022-12-11
"486","100128","110406972",0.09992868,21.080964,2022-12-02,2022-12-06
"487","100128","110407302",0.01788,1.92996,2022-12-07,2022-12-11
"488","100128","110406932",0.01452,1.99002,2022-12-01,2022-12-06
"489","100129","110407474",0.00948,0,2022-12-10,2022-12-15
"490","100129","110406971",0.065904,14.642916,2022-12-02,2022-12-06
"491","100129","110406931",0.01032,5.23536,2022-12-01,2022-12-06
"492","100130","110406973",0.077712,21.192924,2022-12-02,2022-12-06
"493","100130","110407384",0.024124,0.49104,2022-12-08,2022-12-12
"494","100130","110406930",0.00792,5.35368,2022-12-01,2022-12-06
"495","100131","110407476",0.00948,0,2022-12-10,2022-12-15
"496","100132","110407388",0.03432,7.8,2022-12-08,2022-12-12
"497","100132","110407300",0.01224,10.068,2022-12-07,2022-12-11
"498","100132","110407473",0.02090004,0,2022-12-10,2022-12-15
"499","100132","110407381",0.01925592,2.440008,2022-12-08,2022-12-12
"500","100133","110407472",0.03108,0,2022-12-10,2022-12-15
"501","100133","110407380",0.01452,1.99002,2022-12-08,2022-12-12
"502","100133","110407383",0.01004568,6.579996,2022-12-08,2022-12-12
"503","100134","115131581",0.01419504,6.246110004,2022-12-07,2022-12-13
"504","100135","110407250",0.15079552,33.477852,2022-12-07,2022-12-12
"505","100136","110407020",0.10422858,31.43647926,2022-12-05,2022-12-10
"506","100137","110407256",0.24634068,63.090894,2022-12-07,2022-12-13
"507","100138","110406805",0.17135934,23.064660012,2022-12-01,2022-12-06
"508","100138","110407260",0.0620655,20.962015998,2022-12-07,2022-12-13
"509","100139","110407267",0.08936145,24.883671,2022-12-07,2022-12-13
"510","100140","110407262",0.21049019,55.382353,2022-12-07,2022-12-13
"511","100141","110407254",0.163236,48.607176,2022-12-07,2022-12-13
"512","100142","110407228",0.02926836,7.44,2022-12-06,2022-12-06
"513","100142","110407230",0.03694032,9.580032,2022-12-06,2022-12-06
"514","100142","110406976",0.06229392,26.451682008,2022-12-02,2022-12-02
"515","100142","110407299",0.00768,5.44608,2022-12-07,2022-12-07
"516","100142","110407396",0.00768,5.44608,2022-12-08,2022-12-08
"517","100142","110406977",0.03445992,7.2,2022-12-02,2022-12-02
"518","100143","110407258",0.08328471,27.716377002,2022-12-07,2022-12-13
"519","100144","110407268",0.06683922,26.241032004,2022-12-07,2022-12-13
"520","100145","110407266",0.30752166,66.067124688,2022-12-07,2022-12-13
"521","100146","110407259",0.01435704,3.6,2022-12-07,2022-12-13
"522","100147","110407255",0.06334692,23.987360004,2022-12-07,2022-12-13
"523","100147","110406800",0.05027796,10.7205,2022-12-01,2022-12-06
"524","100148","110407252",0.21323667,53.436619002,2022-12-07,2022-12-13
"525","100149","115131585",0.073047,13.409988,2022-12-07,2022-12-13
"526","100150","110407257",0.17351604,41.006408004,2022-12-07,2022-12-13
"527","100150","110406974",0.01317201,2.949999,2022-12-02,2022-12-06
"528","100151","110407263",0.1290269,27.042994008,2022-12-07,2022-12-13
"529","100152","110407253",0.17329572,39.911223264,2022-12-07,2022-12-13
"530","100153","110407261",0.159704,41.200522,2022-12-07,2022-12-13
"531","100154","110407269",0.02256498,5.48001,2022-12-07,2022-12-13
"532","100155","110407265",0.06205764,16.525422006,2022-12-07,2022-12-13
"533","100156","110407264",0.07607772,27.266918004,2022-12-07,2022-12-13
"534","100156","110407251",0.01032,5.23536,2022-12-07,2022-12-10
"535","100157","115131396",0.05232,8.9088,2022-12-05,2022-12-07
"536","100157","115131308",0.33704542,94.54949996,2022-12-01,2022-12-05
"537","100157","115131309",0.01308,2.2272,2022-12-01,2022-12-05
"538","100157","115131451",0.0323,7.81314,2022-12-06,2022-12-09
"539","100157","115131669",1.284,219.516,2022-12-09,2022-12-13
"540","100157","115131584",0.25392448,67.187936,2022-12-07,2022-12-10
"541","100157","115131449",0.57854314,147.583691964,2022-12-06,2022-12-09
"542","100157","115131612",0.05776392,11.796996,2022-12-08,2022-12-12
"543","100157","115131395",0.3602196,97.399599968,2022-12-05,2022-12-07
"544","100157","115131613",0,0,2022-12-08,2022-12-12
"545","100158","110407420",0.06807408,10.699992,2022-12-09,2022-12-13
"546","100158","110407470",0.09250848,0,2022-12-10,2022-12-14
"547","100158","110407421",0.01788,1.92996,2022-12-09,2022-12-13
"548","100158","110407278",0.01788,1.92996,2022-12-07,2022-12-10
"549","100158","110407277",0.149781,30.864794004,2022-12-07,2022-12-10
"550","100158","110406954",0.08416404,0,2022-12-02,2022-12-06
"551","100159","110407337",0.06069,9.3696,2022-12-07,2022-12-10
"552","100159","110407041",0.02145,2.688,2022-12-05,2022-12-08
"553","100159","110407338",0.13054582,33.62,2022-12-07,2022-12-10
"554","100159","110407040",0.03465,7.86015,2022-12-05,2022-12-08
"555","100159","110407453",0.01155,2.62005,2022-12-09,2022-12-13
"556","100159","110407428",0.13054582,33.62,2022-12-09,2022-12-13
"557","100159","110407336",0.03267,6.77505,2022-12-07,2022-12-10
"558","100159","110406960",0.05107,0,2022-12-02,2022-12-06
"559","100159","110407335",0.05136,8.78064,2022-12-07,2022-12-10
"560","100159","110407042",0.17514582,45.06,2022-12-05,2022-12-08
"561","100159","110407427",0.02145,2.688,2022-12-09,2022-12-13
"562","100159","110406961",0.16622582,0,2022-12-02,2022-12-06
"563","100159","110407039",0.02568,4.39032,2022-12-05,2022-12-08
"564","100159","110407340",0.60495156,165.505899992,2022-12-07,2022-12-10
"565","100159","110406959",0.01284,0,2022-12-02,2022-12-06
"566","100160","110407030",0.03072,3.0672,2022-12-05,2022-12-08
"567","100160","110406955",0.077283,0,2022-12-02,2022-12-06
"568","100160","110407422",0.02342796,7.656924,2022-12-09,2022-12-13
"569","100160","110407031",0.01788,1.92996,2022-12-05,2022-12-08
"570","100160","110407279",0.072444,16.118000004,2022-12-07,2022-12-10
"571","100161","110406962",0.0092,0,2022-12-02,2022-12-06
"572","100161","110407429",0.32573148,89.371799984,2022-12-09,2022-12-13
"573","100161","110407343",0,0,2022-12-07,2022-12-10
"574","100161","110407043",0.02112,4.155,2022-12-05,2022-12-08
"575","100161","110407344",0.7251428,198.267399952,2022-12-07,2022-12-10
"576","100161","110407044",0.54767714,149.779599968,2022-12-05,2022-12-08
"577","100161","110406963",0.03453,0,2022-12-02,2022-12-06
"578","100161","110407342",0.02568,4.39032,2022-12-07,2022-12-10
"579","100161","110406964",0.39032542,0,2022-12-02,2022-12-06
"580","100162","110407321",0.02214696,12,2022-12-07,2022-12-10
"581","100162","110406958",0.07491294,0,2022-12-02,2022-12-06
"582","100162","110407034",0.01722996,3.576,2022-12-05,2022-12-08
"583","100162","110407282",0.12690084,21.027984,2022-12-07,2022-12-10
"584","100162","110407320",0.046608,14.059992,2022-12-07,2022-12-10
"585","100162","110407424",0.06227196,13.019802,2022-12-09,2022-12-13
"586","100163","110407347",0.02145,2.688,2022-12-07,2022-12-10
"587","100163","110407348",0.10378582,30.404,2022-12-07,2022-12-10
"588","100163","110406966",0.01155,0,2022-12-02,2022-12-06
"589","100163","110407346",0.03465,7.86015,2022-12-07,2022-12-10
"590","100163","110407047",0.01308,2.2272,2022-12-05,2022-12-08
"591","100163","110406967",0.05918582,0,2022-12-02,2022-12-06
"592","100163","110407430",0,0,2022-12-09,2022-12-13
"593","100163","110406965",0.02568,0,2022-12-02,2022-12-06
"594","100163","110407048",0.00892,2.672,2022-12-05,2022-12-08
"595","100163","110407045",0.03032,6.72804,2022-12-05,2022-12-08
"596","100163","110407431",0.28110582,78.084,2022-12-09,2022-12-13
"597","100163","110407345",0.01284,2.19516,2022-12-07,2022-12-10
"598","100164","110406916",0.04129992,11.897899992,2022-12-01,2022-12-03
"599","100164","110406929",0.15347984,42.611799984,2022-12-01,2022-12-05
"600","100165","115131457",0.0654,11.136,2022-12-06,2022-12-08
"601","100165","115131320",0.02616,4.4544,2022-12-01,2022-12-03
"602","100165","115131456",0.09317754,20.7,2022-12-06,2022-12-06
"603","100165","115131319",0.04806612,7.756992,2022-12-01,2022-12-05
"604","100166","115131672",0.08610012,18.9342,2022-12-09,2022-12-13
"605","100166","115131455",0.08496,23.78016,2022-12-06,2022-12-09
"606","100166","115131671",0.06871608,48.6,2022-12-09,2022-12-13
"607","100166","115131397",0.46488,50.17896,2022-12-05,2022-12-07
"608","100166","115131582",0.1722096,36.990000012,2022-12-07,2022-12-10
"609","100166","115131312",0.04248,11.89008,2022-12-01,2022-12-05
"610","100166","115131583",0.37482,154.4649,2022-12-07,2022-12-10
"611","100166","115131616",0.08496,23.78016,2022-12-08,2022-12-12
"612","100166","115131401",0.08496,23.78016,2022-12-05,2022-12-07
"613","100166","115131670",0.30980928,60.562000044,2022-12-09,2022-12-13
"614","100166","115131614",0.24576,24.5376,2022-12-08,2022-12-12
"615","100167","110406952",0.2124,0,2022-12-02,2022-12-06
"616","100167","110407418",1.06190148,233.5218,2022-12-09,2022-12-13
"617","100167","110407276",0.12744,35.67024,2022-12-07,2022-12-10
"618","100167","110407129",0.08031396,16.890000012,2022-12-06,2022-12-09
"619","100167","110407407",0.05159988,9.690000012,2022-12-09,2022-12-13
"620","100168","110407419",0.08496,23.78016,2022-12-09,2022-12-13
"621","100168","110407270",1.12229796,190.491936024,2022-12-07,2022-12-10
"622","100168","110406922",0.2682,28.9494,2022-12-01,2022-12-05
"623","100168","110406953",0.04248,0,2022-12-02,2022-12-06
"624","100168","110407467",0.2682,0,2022-12-10,2022-12-14
"625","100168","110407271",0.5658,128.5542,2022-12-07,2022-12-10
"626","100168","110407130",0.1482,24.1002,2022-12-06,2022-12-09
"627","100168","110407466",0.05928,0,2022-12-10,2022-12-14
"628","100168","110407029",0.08496,23.78016,2022-12-05,2022-12-08
"629","100169","110407463",0.21378336,0,2022-12-10,2022-12-14
"630","100169","110407131",0.25484808,47.370220008,2022-12-06,2022-12-09
"631","100169","110407358",0.40860156,88.766040012,2022-12-08,2022-12-12
"632","100169","110407281",0.0861498,19.5,2022-12-07,2022-12-10
"633","100169","110407465",0.5556,0,2022-12-10,2022-12-14
"634","100169","110407423",0.48790068,107.2938,2022-12-09,2022-12-13
"635","100169","110406949",0.05364,5.78988,2022-12-02,2022-12-06
"636","100169","110407359",0.24888,70.1592,2022-12-08,2022-12-12
"637","100169","110407032",0.04591404,10.430000004,2022-12-05,2022-12-08
"638","100169","110406956",0.07462812,0,2022-12-02,2022-12-06
"639","100169","110407464",0.29281932,0,2022-12-10,2022-12-14
"640","100169","110406920",0.03576,3.85992,2022-12-01,2022-12-05
"641","100169","110407132",0.40716,133.34508,2022-12-06,2022-12-09
"642","100170","110407280",0.04248,11.89008,2022-12-07,2022-12-10
"643","100170","110407425",0.5740008,126.228,2022-12-09,2022-12-13
"644","100170","110407469",0.25032,0,2022-12-10,2022-12-14
"645","100170","110406921",0.10374,16.87014,2022-12-01,2022-12-05
"646","100170","110407426",0.04248,11.89008,2022-12-09,2022-12-13
"647","100170","110407468",0.05159988,0,2022-12-10,2022-12-14
"648","100170","110407033",0.08496,23.78016,2022-12-05,2022-12-08
"649","100170","110406957",0.04248,0,2022-12-02,2022-12-06
"650","100170","110407357",0.1584,107.0736,2022-12-08,2022-12-12
"651","100171","115131400",0.19936608,76.926854016,2022-12-05,2022-12-07
"652","100171","115131310",0.05932956,12.57198,2022-12-01,2022-12-05
"653","100171","115131399",0.11197356,24.371778,2022-12-05,2022-12-07
"654","100171","115131394",0.0324,3.91992,2022-12-05,2022-12-07
"655","100171","115131453",0.02634402,5.899998,2022-12-06,2022-12-09
"656","100171","115131398",0.125664,29.425044,2022-12-05,2022-12-07
"657","100171","115131311",0.02090004,11.37,2022-12-01,2022-12-05
"658","100171","115131615",0.0096,1.22004,2022-12-08,2022-12-12
"659","100171","115131454",0.0262998,5.599998,2022-12-06,2022-12-09
"660","100172","110406950",0.0262998,5.599998,2022-12-02,2022-12-06
"661","100172","110407413",0.068004,14.299758,2022-12-09,2022-12-13
"662","100172","110407027",0.0834,36.27468,2022-12-05,2022-12-08
"663","100172","110407415",0.05215512,23.322760008,2022-12-09,2022-12-13
"664","100172","110407275",0.02568,3.23004,2022-12-07,2022-12-10
"665","100172","110407028",0.02568,3.23004,2022-12-05,2022-12-08
"666","100172","110407414",0.02090004,11.37,2022-12-09,2022-12-13
"667","100172","110407025",0.05404008,32.808,2022-12-05,2022-12-08
"668","100172","110407024",0.20614362,43.592262,2022-12-05,2022-12-08
"669","100172","110406951",0.03791512,11.652080008,2022-12-02,2022-12-06
"670","100172","110407273",0.01224,10.068,2022-12-07,2022-12-10
"671","100172","110407026",0.011808,6.550008,2022-12-05,2022-12-08
"672","100172","110407274",0.02563512,16.127440008,2022-12-07,2022-12-10
"673","100172","110407272",0.05625996,11.00226,2022-12-07,2022-12-10
"674","100173","110407416",0.02629998,5.8998,2022-12-09,2022-12-13
"675","100173","110407023",0.01032,5.23536,2022-12-05,2022-12-08
"676","100174","110407309",0.16196064,55.627812,2022-12-07,2022-12-07
"677","100175","1837/PBI/MMA/XI/2022",0.1,0,2022-12-01,2022-12-01
"678","100176","111172475",12.00632,0,2022-12-02,2022-12-03
"679","100176","111172476",4.28128,0,2022-12-02,2022-12-03
"680","100176","111172477",0.71289,0,2022-12-02,2022-12-03
"681","100177","112002458",0.16814452,49.542659776,2022-12-07,2022-12-07
"682","100178","115131611",0.01482,2.41002,2022-12-07,2022-12-12
"683","100179","110407096",0.0096,1.22004,2022-12-05,2022-12-08
"684","100179","110407087",0.04661112,10.000008,2022-12-05,2022-12-08
"685","100180","115131683",0.03397998,11.34588,2022-12-09,2022-12-12
"686","100180","115131682",0.05628996,13.364964,2022-12-09,2022-12-12
"687","100181","110407351",0.06936,17.762482008,2022-12-07,2022-12-12
"688","100181","110407084",0.06678,8.2299,2022-12-05,2022-12-08
"689","100181","110407080",0.02208,11.31996,2022-12-05,2022-12-08
"690","100181","110407394",0.00768,5.44608,2022-12-08,2022-12-08
"691","100181","110407082",0.011808,6.550008,2022-12-05,2022-12-07
"692","100181","110407085",0.20849496,43.101963996,2022-12-05,2022-12-08
"693","100181","110407083",0.01536,10.89216,2022-12-05,2022-12-07
"694","100181","110407086",0.0288,3.66012,2022-12-05,2022-12-08
"695","100182","110407088",0.03432,21.38796,2022-12-05,2022-12-08
"696","100182","110407090",0.03083616,4.999992,2022-12-05,2022-12-08
"697","100182","110407091",0.03102,4.36998,2022-12-05,2022-12-08
"698","100182","110407089",0.00948,7.40004,2022-12-05,2022-12-08
"699","100183","110407451",0.01788,1.92996,2022-12-09,2022-12-12
"700","100183","110407450",0.05268804,11.799996,2022-12-09,2022-12-12
"701","100183","110407460",0.02629998,5.8998,2022-12-09,2022-12-12
"702","100184","110407449",0.00768,5.44992,2022-12-09,2022-12-12
"703","100185","115131330",0.10337976,23.4,2022-12-01,2022-12-14
"704","100185","115131331",0.15899976,30.108000024,2022-12-01,2022-12-14
"705","100186","110407397",0.05775,13.10025,2022-12-08,2022-12-08
"706","100186","110406941",0.0703356,33.80736,2022-12-01,2022-12-04
"707","100186","110407217",0.1338,35.28,2022-12-06,2022-12-06
"708","100186","110407398",0.05775,13.10025,2022-12-08,2022-12-08
"709","100186","110407339",0.14244372,29.641998012,2022-12-07,2022-12-07
"710","100186","110407341",0.01784,4.384,2022-12-07,2022-12-07
"711","100187","110407209",0.56032,131.65496,2022-12-06,2022-12-06
"712","100187","110407104",0.08714796,19.599996,2022-12-05,2022-12-05
"713","100187","110407012",0.05002512,21.439999992,2022-12-03,2022-12-04
"714","100188","110407360",0.19079328,71.187427584,2022-12-08,2022-12-08
"715","100188","110406938",0.09671556,38.846022036,2022-12-01,2022-12-04
"716","100188","110407215",0.11651,27.05509,2022-12-06,2022-12-06
"717","100188","110406939",0.11730408,22.854984,2022-12-01,2022-12-04
"718","100188","110407361",0.1498446,24.198968004,2022-12-08,2022-12-08
"719","100189","110406933",0.0763512,54,2022-12-01,2022-12-04
"720","100189","110406783",0.0184,5.14608,2022-12-01,2022-12-01
"721","100190","110407223",0.1772,47.04,2022-12-06,2022-12-06
"722","100190","110406782",0.01784,5.344,2022-12-01,2022-12-01
"723","100191","110406781",0.20134,52.88218,2022-12-01,2022-12-01
"724","100191","110406937",0.01536,2.49996,2022-12-01,2022-12-04
"725","100191","110406936",0.02330556,5.000004,2022-12-01,2022-12-04
"726","100191","110407221",0.02676,6.736,2022-12-06,2022-12-06
"727","100192","110406780",0.10338,25.9281,2022-12-01,2022-12-01
"728","100192","110407220",0.16582,41.2721,2022-12-06,2022-12-06
"729","100192","110406942",0.3802704,161.443952052,2022-12-01,2022-12-04
"730","100193","110407385",0.2064996,59.48949996,2022-12-08,2022-12-08
"731","100194","110407246",0.08963952,28.366030008,2022-12-06,2022-12-09
"732","100195","110407247",0.1587492,50.29524,2022-12-06,2022-12-08
"733","100196","110407061",0.05410392,8.897196,2022-12-05,2022-12-19
"734","100197","111172315",3.6288,971.78192,2022-12-01,2022-12-03
"735","100197","113028460",0.01784,4.384,2022-12-01,2022-12-03
"736","100197","111172314",0.19104,69.34944,2022-12-01,2022-12-03
"737","100197","111172316",1.93398,443.68258,2022-12-01,2022-12-03
"738","100197","111172317",0.2146,25.2232,2022-12-01,2022-12-03
"739","100198","111172509",0.6441,0,2022-12-02,2022-12-03
"740","100198","111172507",6.08484,0,2022-12-02,2022-12-03
"741","100198","111172508",4.5083,0,2022-12-02,2022-12-03
"742","100199","111172724",4.417,946.6396,2022-12-07,2022-12-08
"743","100200","111172767",1.7682,399.00084,2022-12-08,2022-12-09
"744","100200","111172766",1.5058,395.088,2022-12-08,2022-12-09
"745","100201","111172375",2.1086,474.3484,2022-12-01,2022-12-05
"746","100201","111172380",0.6194988,178.46849988,2022-12-01,2022-12-12
"747","100201","111172376",0.25115,49.14909,2022-12-01,2022-12-05
"748","100201","111172379",0.33828,64.51948,2022-12-01,2022-12-12
"749","100201","111172378",2.83036,637.2894,2022-12-01,2022-12-12
"750","100201","111172377",0.45429912,130.876899912,2022-12-01,2022-12-05
"751","100202","111172778",1.4624,263.356,2022-12-08,2022-12-09
"752","100202","111172392",0.24779952,71.387399952,2022-12-01,2022-12-12
"753","100202","111172386",0.42806,82.48394,2022-12-01,2022-12-05
"754","100202","111172387",2.23019568,642.486599568,2022-12-01,2022-12-05
"755","100202","111172390",0.572,110.0576,2022-12-01,2022-12-12
"756","100202","111172391",2.72579472,785.261399472,2022-12-01,2022-12-12
"757","100202","111172385",6.48132,1346.2268,2022-12-01,2022-12-05
"758","100202","111172393",0.10735,11.7832,2022-12-01,2022-12-12
"759","100202","111172389",8.65952,1799.4064,2022-12-01,2022-12-12
"760","100202","111172388",0.0644,7.2356,2022-12-01,2022-12-05
"761","100203","111172462",0.96,677.37,2022-12-02,2022-12-02
"762","100203","113028456",0.3400416,63.22464,2022-12-01,2022-12-05
"763","100203","111172295",4.97552884,1161.912974086,2022-12-01,2022-12-05
"764","100204","111172290",1.032498,297.4474998,2022-12-01,2022-12-05
"765","100204","111172287",2.21272,589.0078,2022-12-01,2022-12-05
"766","100204","111172289",2.46075,545.34321,2022-12-01,2022-12-05
"767","100204","111172288",0.16538328,46.8,2022-12-01,2022-12-05
"768","100205","111172310",0.75187834,194.445344016,2022-12-01,2022-12-04
"769","100205","111172443",11.95898034,3109.88763808,2022-12-01,2022-12-04
"770","100205","113028472",1.0299648,171.95184,2022-12-01,2022-12-04
"771","100205","111172445",0.53768304,139.070383728,2022-12-01,2022-12-04
"772","100205","111172311",0.036,4.903364016,2022-12-01,2022-12-04
"773","100205","111172444",5.97812968,1296.163180004,2022-12-01,2022-12-04
"774","100205","111172447",0.0138,6.43692,2022-12-01,2022-12-04
"775","100205","111172446",0.0138,6.43692,2022-12-01,2022-12-04
"776","100206","111172439",2.8078,539.0602,2022-12-01,2022-12-04
"777","100206","113028471",0.1338,32.88,2022-12-01,2022-12-04
"778","100206","111172440",0.33076656,93.6,2022-12-01,2022-12-04
"779","100206","111172441",1.03009,239.06109,2022-12-01,2022-12-04
"780","100206","111172442",0.34325,42.1796,2022-12-01,2022-12-04
"781","100207","110407354",0.18221604,36.702,2022-12-07,2022-12-07
"782","100207","110407356",0.0546,20.77128,2022-12-07,2022-12-07
"783","100207","110407355",0.32198024,103.997696012,2022-12-07,2022-12-07
"784","100207","110407353",0.38039492,81.631222998,2022-12-07,2022-12-07
"785","100208","110407240",0.42403035,92.153244006,2022-12-06,2022-12-06
"786","100208","110407241",0.1352112,26.472996,2022-12-06,2022-12-06
"787","100208","110407243",0.0546,20.77128,2022-12-06,2022-12-06
"788","100208","110407242",0.51181704,153.27492158,2022-12-06,2022-12-06
"789","100209","1842/PBI/YAA/XII/2022",0.1,0,2022-12-01,2022-12-01
"790","100210","872003286",0.06356866,14.918800417,2022-12-08,2022-12-08
"791","100210","872003261",0.04479,9.81012,2022-12-05,2022-12-05
"792","100211","872003285",0.00482583,1.50013,2022-12-08,2022-12-08
"793","100211","872003284",0.041867,11.388440417,2022-12-08,2022-12-08
"794","100212","111172454",11.978,1951.284,2022-12-01,2022-12-05
"795","100212","111172453",11.9847112,1987.21194,2022-12-01,2022-12-05
"796","100212","111172456",1.21056,201.38352,2022-12-01,2022-12-05
"797","100212","111172455",4.3648,723.0696,2022-12-01,2022-12-05
"798","100213","872003281",0.2016165,34.83635,2022-12-07,2022-12-07
"799","100213","872003262",0.00363333,0.801285,2022-12-05,2022-12-05
"800","100213","872003282",0.03209688,10.027391999,2022-12-07,2022-12-07
"801","100213","872003263",0.10704,26.304,2022-12-05,2022-12-05
"802","100213","872003280",0.00752,1.943,2022-12-07,2022-12-07
"803","100214","871016448",1.226,276.9354,2022-12-06,2022-12-08
"804","100214","871016445",40.50831878,12763.49201006,2022-12-06,2022-12-07
"805","100214","871016446",5.143086,3025.9195206,2022-12-06,2022-12-07
"806","100214","0876/Titipan/HB/HNI/XII/2022",0.46,290.04,2022-12-06,2022-12-06
"807","100214","871016447",19.65474926,3991.199160236,2022-12-06,2022-12-08
"808","100214","871016450",1.8557721,725.92719,2022-12-09,2022-12-10
"809","100214","871016449",9.15228,2354.15832,2022-12-06,2022-12-08
"810","100214","0875/Titipan/HB/HNI/XII/2022",0.02,9.99,2022-12-06,2022-12-06
"811","100214","871016452",1.833628,560.17033994,2022-12-09,2022-12-10
"812","100214","871016444",2.2876824,1343.08272024,2022-12-06,2022-12-07
"813","100214","871016453",5.12454168,1176.583840392,2022-12-09,2022-12-10
"814","100214","0136/PGK/SSA-BAK/XI/2022",0.012,1,2022-12-06,2022-12-06
"815","100214","871016451",33.469766,9443.66665,2022-12-09,2022-12-10
"816","100215","111172762",1.62515534,894.28498812,2022-12-07,2022-12-08
"817","100215","113028492",0.1621008,26.25864,2022-12-07,2022-12-08
"818","100215","111172763",0.3438048,126.561175584,2022-12-07,2022-12-08
"819","100215","113028515",0.03072,4.29504,2022-12-09,2022-12-10
"820","100216","110407193",0.00768,5.44512,2022-12-06,2022-12-10
"821","100216","110407054",0.03408,3.88992,2022-12-05,2022-12-10
"822","100216","110407294",0.0502056,17.814204,2022-12-07,2022-12-13
"823","100217","110407405",0.01056,2.68008,2022-12-09,2022-12-15
"824","100217","110407192",0.00768,5.44512,2022-12-06,2022-12-10
"825","100217","110407365",0.03324,4.42992,2022-12-08,2022-12-10
"826","100218","110407287",0.0402,5.22006,2022-12-07,2022-12-10
"827","100218","110407283",0.01992,6.4554,2022-12-07,2022-12-10
"828","100219","110406927",0.01004568,6.698004,2022-12-01,2022-12-05
"829","100219","110407409",0.01056,2.68008,2022-12-09,2022-12-15
"830","100219","110407196",0.01536,10.89024,2022-12-06,2022-12-10
"831","100220","110407187",0.01004568,6.698004,2022-12-06,2022-12-09
"832","100221","110407494",0.00792,5.35368,2022-12-10,2022-12-15
"833","100222","110407410",0.01056,2.68008,2022-12-09,2022-12-15
"834","100222","110407107",0.052242,20.616,2022-12-05,2022-12-05
"835","100222","110407189",0.054,14.44896,2022-12-06,2022-12-10
"836","100222","110407195",0.00768,5.44512,2022-12-06,2022-12-10
"837","100223","110407194",0.00768,5.44512,2022-12-06,2022-12-10
"838","100223","110407406",0.01056,2.68008,2022-12-09,2022-12-15
"839","100223","110407478",0.01032,0,2022-12-10,2022-12-14
"840","100223","110407491",0.02988,0,2022-12-10,2022-12-14
"841","100224","110407206",0.00768,5.44512,2022-12-06,2022-12-06
"842","100224","110407368",0.29303052,95.24374002,2022-12-08,2022-12-10
"843","100224","110407412",0.01056,2.68008,2022-12-09,2022-12-15
"844","100225","110407296",0.01272,3.57498,2022-12-07,2022-12-12
"845","100225","110407095",0.07489998,11.479879998,2022-12-05,2022-12-10
"846","100225","110407370",0.0324,3.91992,2022-12-08,2022-12-12
"847","100225","110407010",0.0282,7.16532,2022-12-03,2022-12-09
"848","100225","110407056",0.00792,5.35368,2022-12-05,2022-12-09
"849","100225","110407198",0.01536,10.89024,2022-12-06,2022-12-06
"850","100225","110407417",0.11478648,49.115856,2022-12-09,2022-12-13
"851","100225","110407408",0.02112,5.36016,2022-12-09,2022-12-15
"852","100225","110407093",0.01004568,6.579996,2022-12-05,2022-12-10
"853","100225","110407293",0.06347616,21.739272,2022-12-07,2022-12-12
"854","100226","110407411",0.01056,2.68008,2022-12-09,2022-12-15
"855","100226","110407097",0.09074934,38.199700008,2022-12-05,2022-12-12
"856","100226","110407199",0.00768,5.44512,2022-12-06,2022-12-06
"857","100227","110407197",0.00768,5.44512,2022-12-06,2022-12-10
"858","100227","110407005",0.0162,1.95996,2022-12-03,2022-12-07
"859","100228","115131314",0.30812928,39.582336,2022-12-01,2022-12-01
"860","100228","115131594",0.00768,5.41896,2022-12-07,2022-12-07
"861","100228","115131307",0.66504,458.33496,2022-12-01,2022-12-01
"862","100228","115131680",0.01032,5.23536,2022-12-09,2022-12-09
"863","100228","115131458",0.49673952,72.956436024,2022-12-06,2022-12-06
"864","100228","115131460",0.1722696,37.358000004,2022-12-06,2022-12-06
"865","100228","115131593",0.03096,15.70608,2022-12-07,2022-12-07
"866","100228","115131618",0.2500248,39.903252024,2022-12-08,2022-12-08
"867","100228","115131619",0.06888984,13.958000004,2022-12-08,2022-12-08
"868","100229","115131668",0.02064,10.47072,2022-12-08,2022-12-08
"869","100229","115131316",0.26200512,41.330568048,2022-12-01,2022-12-01
"870","100229","115131524",0.00768,5.41896,2022-12-06,2022-12-06
"871","100229","115131459",0.50595936,223.217600016,2022-12-06,2022-12-06
"872","100229","115131461",0.98989152,156.080400048,2022-12-06,2022-12-06
"873","100229","115131621",0.46607928,173.656000008,2022-12-08,2022-12-08
"874","100229","115131317",0.27567936,59.16,2022-12-01,2022-12-01
"875","100229","115131523",0.06192,31.41216,2022-12-06,2022-12-06
"876","100229","115131620",0.13866048,21.330600048,2022-12-08,2022-12-08
"877","100230","110407324",0.19567992,120.908320008,2022-12-07,2022-12-07
"878","100230","110406856",0.37003392,59.999904,2022-12-01,2022-12-01
"879","100230","110407063",0.55549896,173.48688,2022-12-05,2022-12-05
"880","100230","110407325",0.63422496,93.041736048,2022-12-07,2022-12-07
"881","100230","110407064",0.46324992,75.987888,2022-12-05,2022-12-05
"882","100230","110406855",0.03439992,6.460000008,2022-12-01,2022-12-01
"883","100231","110407331",0.13416,68.05968,2022-12-07,2022-12-07
"884","100231","110407329",0.29137968,138.858400008,2022-12-07,2022-12-07
"885","100231","110407069",0.8477448,132.897252048,2022-12-05,2022-12-05
"886","100231","110407070",0.0096,1.22004,2022-12-05,2022-12-05
"887","100231","110406861",0.46541328,63.077028024,2022-12-01,2022-12-01
"888","100231","110407330",0.02325024,6.064500024,2022-12-07,2022-12-07
"889","100231","110406860",0.31007928,65.620000008,2022-12-01,2022-12-01
"890","100231","110407068",0.13777968,29.860000008,2022-12-05,2022-12-05
"891","100232","110407333",0.25454736,55.463736048,2022-12-07,2022-12-07
"892","100232","110406862",0.05159988,9.690000012,2022-12-01,2022-12-01
"893","100232","110407072",0.53467152,72.831504,2022-12-05,2022-12-05
"894","100232","110406863",0.28891152,48.293904,2022-12-01,2022-12-01
"895","100232","110407332",0.81157884,322.950000012,2022-12-07,2022-12-07
"896","100232","110407071",0.42918936,169.388400012,2022-12-05,2022-12-05
"897","100233","115131313",0.19287504,45.463752048,2022-12-01,2022-12-01
"898","100233","115131617",0.18887088,35.566932,2022-12-08,2022-12-08
"899","100233","115131318",0.0964398,24.065360004,2022-12-01,2022-12-01
"900","100233","115131622",0.25491948,64.440080004,2022-12-08,2022-12-08
"901","100233","115131402",0.38243916,89.108720004,2022-12-05,2022-12-05
"902","100233","115131403",0.52365312,70.794960048,2022-12-05,2022-12-05
"903","100234","110407065",0.31216176,51.082404024,2022-12-05,2022-12-05
"904","100234","110407327",0.02325024,6.064500024,2022-12-07,2022-12-07
"905","100234","110407326",0.03439992,6.460000008,2022-12-07,2022-12-07
"906","100234","110407066",0.22398948,50.7,2022-12-05,2022-12-05
"907","100234","110406859",0.01032,5.23536,2022-12-01,2022-12-01
"908","100234","110407067",0.03096,15.70608,2022-12-05,2022-12-05
"909","100234","110407328",0.02064,10.47072,2022-12-07,2022-12-07
"910","100234","110406858",0.24118944,49.718000004,2022-12-01,2022-12-01
"911","100234","110406857",0.04222224,11.569968,2022-12-01,2022-12-01
"912","100235","110406852",0.33448272,48.236568048,2022-12-01,2022-12-01
"913","100235","110407058",0.6665136,98.293308,2022-12-05,2022-12-05
"914","100235","110407334",0.18576,94.23648,2022-12-07,2022-12-07
"915","100235","110407319",0.08872272,23.698968048,2022-12-07,2022-12-07
"916","100235","110407057",0.66896916,296.612800008,2022-12-05,2022-12-05
"917","100235","110406850",0.13777968,27.916000008,2022-12-01,2022-12-01
"918","100235","110406853",0.01788,1.92996,2022-12-01,2022-12-01
"919","100235","110407059",0.18576,94.23648,2022-12-05,2022-12-05
"920","100236","110406854",0.11575872,21.064476024,2022-12-01,2022-12-01
"921","100236","110407322",0.20592,140.88384,2022-12-07,2022-12-07
"922","100236","110407060",0.04887996,24.644720004,2022-12-05,2022-12-05
"923","100236","110407062",0.5006352,66.139044024,2022-12-05,2022-12-05
"924","100236","110407323",0.15798096,30.177444024,2022-12-07,2022-12-07
"925","100237","111172777",4.00874928,568.530399984,2022-12-08,2022-12-10
"926","100238","0859/Titipan/WRP/EBW/XI/2022",0.03,5,2022-12-01,2022-12-01
"927","100239","1824/PBI/QBL/XI/2022",1,500,2022-12-01,2022-12-01
"928","100239","1843/PBI/QBL/XII/2022",0.5,80,2022-12-01,2022-12-01
"929","100240","872003266",14.11158,2537.7573,2022-12-05,2022-12-05
"930","100240","872003270",0.46848,332.21088,2022-12-06,2022-12-07
"931","100240","872003269",41.48076936,11079.740309992,2022-12-06,2022-12-07
"932","100240","872003258",1.4574,668.64,2022-12-02,2022-12-03
"933","100241","113028484",0.20692,41.9648,2022-12-05,2022-12-06
"934","100241","111172524",0.49614984,140.4,2022-12-05,2022-12-06
"935","100241","111172523",4.98188,1283.348,2022-12-05,2022-12-06
"936","100241","111172526",0.90859824,261.753799824,2022-12-05,2022-12-06
"937","100241","111172525",6.52538736,1879.868198736,2022-12-05,2022-12-06
"938","100241","113028488",0.1338,32.88,2022-12-05,2022-12-06
"939","100242","110407308",0.4205796,112.09749996,2022-12-07,2022-12-07
"940","100243","113028463",0.6279216,172.51512,2022-12-01,2022-12-04
"941","100243","111172355",0.43837344,107.741826072,2022-12-01,2022-12-04
"942","100243","111172427",0.072,7.95024,2022-12-01,2022-12-05
"943","100243","111172354",2.7298362,643.381908,2022-12-01,2022-12-04
"944","100243","111172353",11.99884552,3149.099282134,2022-12-01,2022-12-04
"945","100244","111172429",3.48096,737.70608,2022-12-01,2022-12-05
"946","100244","111172430",0.3003,37.632,2022-12-01,2022-12-05
"947","100244","111172428",7.8012,1872.794,2022-12-01,2022-12-05
"948","100244","111172431",0.7722,96.768,2022-12-01,2022-12-05
"949","100245","111172341",2.064996,594.8949996,2022-12-01,2022-12-05
"950","100245","111172342",1.223,147.4172,2022-12-01,2022-12-05
"951","100245","111172338",0.4134582,117,2022-12-01,2022-12-05
"952","100245","111172340",1.64315,339.80813,2022-12-01,2022-12-05
"953","100245","111172337",9.3386,2298.46096,2022-12-01,2022-12-05
"954","100245","111172339",2.32415,487.64979,2022-12-01,2022-12-05
"955","100245","113028461",0.00892,2.192,2022-12-01,2022-12-05
"956","100246","110407232",0.06914224,16.693650008,2022-12-06,2022-12-10
"957","100246","110407231",0.04711416,8.25246,2022-12-06,2022-12-10
"958","100246","110407229",0.15463194,34.007155998,2022-12-06,2022-12-10
"959","100247","110407234",0.10098,48.07818,2022-12-06,2022-12-10
"960","100247","110407235",1.041644,272.00152,2022-12-06,2022-12-10
"961","100247","110407233",0.35397654,57.288960012,2022-12-06,2022-12-10
"962","100248","110407239",0.01872,2.29008,2022-12-06,2022-12-10
"963","100248","110407236",0.57604094,210.779940026,2022-12-06,2022-12-10
"964","100248","110407237",0.30827832,71.910904004,2022-12-06,2022-12-10
"965","100248","110407238",0.63625296,157.013148072,2022-12-06,2022-12-10
"966","100249","0857/Titipan/WRP/EBW/XI/2022",0.05,9,2022-12-01,2022-12-01
"967","100250","872003272",5.02832204,1448.078784024,2022-12-06,2022-12-08
"968","100251","111172365",0.53625,67.2,2022-12-01,2022-12-05
"969","100251","111172360",5.47984,1227.52096,2022-12-01,2022-12-05
"970","100251","111172364",0.24779952,71.387399952,2022-12-01,2022-12-05
"971","100251","111172363",3.18009384,916.138299384,2022-12-01,2022-12-05
"972","100251","111172361",0.2067291,58.5,2022-12-01,2022-12-05
"973","100251","111172362",3.09403,708.86479,2022-12-01,2022-12-05
"974","100252","111172372",0.00768,5.41896,2022-12-01,2022-12-05
"975","100252","111172371",5.77904816,1631.960110084,2022-12-01,2022-12-05
"976","100253","111172467",0.79376,224.688,2022-12-02,2022-12-03
"977","100253","111172469",1.7309,375.62698,2022-12-02,2022-12-03
"978","100253","111172468",0.04134582,11.7,2022-12-02,2022-12-03
"979","100253","111172470",0.2145,26.88,2022-12-02,2022-12-03
"980","100254","111172472",0.030984,12.448956,2022-12-02,2022-12-03
"981","100254","111172471",1.52935344,428.85976401,2022-12-02,2022-12-03
"982","100254","113028477",0.06528,19.75368,2022-12-02,2022-12-03
"983","100255","111172465",3.8995,906.8469,2022-12-02,2022-12-05
"984","100255","111172463",5.09232,1297.736,2022-12-02,2022-12-05
"985","100255","111172464",1.0336455,292.5,2022-12-02,2022-12-05
"986","100255","113028475",0.1784,43.84,2022-12-02,2022-12-05
"987","100256","111172299",0.08682,59.675299944,2022-12-01,2022-12-01
"988","100257","111172690",4.04739216,1165.994199216,2022-12-06,2022-12-08
"989","100257","111172688",0.4134582,117,2022-12-06,2022-12-08
"990","100257","111172687",9.4128,2516.68,2022-12-06,2022-12-08
"991","100257","111172689",2.14759584,618.690799584,2022-12-06,2022-12-08
"992","100258","111172438",0.30598032,88.89187956,2022-12-01,2022-12-03
"993","100258","113028514",0.03072,4.29504,2022-12-09,2022-12-10
"994","100258","111172683",0.138,64.3692,2022-12-06,2022-12-07
"995","100258","111172764",3.39256236,1111.012328068,2022-12-08,2022-12-09
"996","100258","111172681",11.98536,3007.456,2022-12-06,2022-12-07
"997","100258","111172682",1.91928,551.07,2022-12-06,2022-12-07
"998","100258","113028470",0.5541216,76.17024,2022-12-01,2022-12-03
"999","100258","111172765",0.118968,50.316092016,2022-12-08,2022-12-09
"1000","100258","111172437",3.56002034,1009.233384042,2022-12-01,2022-12-03
"1001","100259","111172533",2.06694,686.388099546,2022-12-05,2022-12-05
"1002","100259","0877/Titipan/WRP/EBW/XII/2022",0.631,120,2022-12-05,2022-12-05
"1003","100260","110407312",0.01584,10.70736,2022-12-07,2022-12-13
"1004","100261","110407313",0.01584,10.70736,2022-12-07,2022-12-13
"1005","100262","110407373",0.01584,10.70736,2022-12-08,2022-12-08
"1006","100263","110407310",0.01584,10.70736,2022-12-07,2022-12-13
"1007","100264","111172457",0.01584,10.70736,2022-12-01,2022-12-07
"1008","100265","110407311",0.02376,16.06104,2022-12-07,2022-12-13
"1009","100266","115131438",0.02616,4.4544,2022-12-05,2022-12-05
"1010","100266","115131608",0.01314208,3.607078004,2022-12-07,2022-12-13
"1011","100266","115131610",0.0038,0.41425,2022-12-07,2022-12-13
"1012","100266","115131605",0.07247346,10.63431,2022-12-07,2022-12-13
"1013","100266","115131604",0.05836047,12.920552001,2022-12-07,2022-12-13
"1014","100266","115131347",0.01536,10.83792,2022-12-01,2022-12-14
"1015","100266","115131607",0,0,2022-12-07,2022-12-13
"1016","100266","115131606",0.01235,2.00835,2022-12-07,2022-12-13
"1017","100266","115131609",0.0162,1.95996,2022-12-07,2022-12-13
"1018","100267","115131603",0.01314208,3.487078004,2022-12-07,2022-12-13
"1019","100267","115131564",0.03727618,7.859087667,2022-12-07,2022-12-13
"1020","100267","115131567",0.00894,0.96498,2022-12-07,2022-12-22
"1021","100267","115131568",0.03981756,27.05676,2022-12-07,2022-12-22
"1022","100267","115131565",0.00195,0.72501,2022-12-07,2022-12-22
"1023","100267","115131328",0.01308,2.2272,2022-12-01,2022-12-13
"1024","100267","115131419",0.01074501,5.67249,2022-12-05,2022-12-05
"1025","100267","115131420",0.00247,0.40167,2022-12-05,2022-12-05
"1026","100267","115131566",0.05506083,9.781955001,2022-12-07,2022-12-13
"1027","100267","115131404",0.01536,10.83792,2022-12-05,2022-12-05
"1028","100268","115131417",0.10668966,18.819978,2022-12-05,2022-12-05
"1029","100268","115131580",0.4122763,88.684376004,2022-12-07,2022-12-07
"1030","100268","115131587",0.0481398,6.10002,2022-12-07,2022-12-13
"1031","100268","115131418",0.09216,65.02752,2022-12-05,2022-12-05
"1032","100268","115131578",0.20659892,59.312593054,2022-12-07,2022-12-07
"1033","100268","115131405",0.07848,13.3632,2022-12-05,2022-12-05
"1034","100268","115131577",0.1175,23.7464,2022-12-07,2022-12-07
"1035","100268","115131579",0.06683976,34.65498,2022-12-07,2022-12-07
"1036","100268","115131576",0.58097096,93.983100012,2022-12-07,2022-12-07
"1037","100268","115131446",0.07848,13.3632,2022-12-06,2022-12-06
"1038","100269","115131329",0.01308,2.2272,2022-12-01,2022-12-13
"1039","100269","115131505",0.01226176,3.275422004,2022-12-06,2022-12-12
"1040","100269","115131506",0.00852,0.97248,2022-12-06,2022-12-12
"1041","100269","115131503",0.02675432,4.789313,2022-12-06,2022-12-12
"1042","100269","115131700",0.08443512,0,2022-12-10,2022-12-10
"1043","100269","115131504",0.07046638,10.794020004,2022-12-06,2022-12-12
"1044","100270","115131389",0.30800484,99.170049042,2022-12-01,2022-12-10
"1045","100270","115131408",0.01536,10.83792,2022-12-05,2022-12-05
"1046","100270","115131563",0.0076,0.8285,2022-12-07,2022-12-13
"1047","100270","115131559",0.06518055,15.002518334,2022-12-07,2022-12-13
"1048","100270","115131322",0.01308,2.2272,2022-12-01,2022-12-13
"1049","100270","115131560",0.00654,1.1136,2022-12-07,2022-12-13
"1050","100270","115131562",0.01299,1.45497,2022-12-07,2022-12-13
"1051","100270","115131561",0.00553674,3,2022-12-07,2022-12-13
"1052","100271","115131444",0.01308,2.2272,2022-12-05,2022-12-05
"1053","100271","115131484",0.10026762,28.066870023,2022-12-06,2022-12-12
"1054","100271","115131501",0.0229866,11.8125,2022-12-06,2022-12-12
"1055","100271","115131353",0.01536,10.83792,2022-12-01,2022-12-14
"1056","100271","115131486",0.02299512,16.296,2022-12-06,2022-12-12
"1057","100271","115131483",0.17857902,31.999641,2022-12-06,2022-12-09
"1058","100271","115131479",0.0304,3.314,2022-12-06,2022-12-11
"1059","100271","115131485",0.0648,7.4349,2022-12-06,2022-12-09
"1060","100271","115131502",0.01531512,10.892080008,2022-12-06,2022-12-12
"1061","100271","115131500",0.004428,2.456253,2022-12-06,2022-12-12
"1062","100271","115131480",0.00468,0.57252,2022-12-06,2022-12-09
"1063","100271","115131482",0.04352796,9.795,2022-12-06,2022-12-09
"1064","100272","115131337",0.01536,10.83792,2022-12-01,2022-12-14
"1065","100272","115131433",0.07343932,16.550409,2022-12-05,2022-12-05
"1066","100272","115131679",0.02496,2.75364,2022-12-09,2022-12-14
"1067","100272","115131492",0.01788,1.92996,2022-12-06,2022-12-11
"1068","100272","115131416",0.03072,21.78144,2022-12-05,2022-12-05
"1069","100272","115131491",0.01794294,2.630022,2022-12-06,2022-12-11
"1070","100272","115131326",0.01308,2.2272,2022-12-01,2022-12-13
"1071","100272","115131490",0.0567385,12.745839001,2022-12-06,2022-12-11
"1072","100273","115131390",0.01725504,5.018750004,2022-12-01,2022-12-03
"1073","100273","115131388",0.02321634,4.374999,2022-12-01,2022-12-03
"1074","100273","115131430",0.01308,2.2272,2022-12-05,2022-12-05
"1075","100273","115131704",0.01536,0,2022-12-10,2022-12-10
"1076","100273","115131340",0.01536,10.83792,2022-12-01,2022-12-14
"1077","100273","115131518",0.0076,0.8285,2022-12-06,2022-12-12
"1078","100273","115131514",0.007326,3.292671,2022-12-06,2022-12-12
"1079","100273","115131516",0.0182,5.2608,2022-12-06,2022-12-12
"1080","100273","115131515",0.03036699,4.214031,2022-12-06,2022-12-12
"1081","100273","115131519",0.01531512,10.871000004,2022-12-06,2022-12-12
"1082","100273","115131517",0.01899,2.26998,2022-12-06,2022-12-12
"1083","100273","115131513",0.05766855,13.140517,2022-12-06,2022-12-12
"1084","100274","115131379",0.03345,8.94,2022-12-01,2022-12-07
"1085","100274","115131655",0.03072,21.76872,2022-12-08,2022-12-14
"1086","100274","115131378",0.11389776,20.097936,2022-12-01,2022-12-07
"1087","100274","115131377",0.08899186,19.580916004,2022-12-01,2022-12-07
"1088","100274",NA,0.0228,2.4855,2022-12-01,2022-12-07
"1089","100274","115131650",0.06278176,14.535342,2022-12-08,2022-12-14
"1090","100274","115131653",0.0865836,23.419452024,2022-12-08,2022-12-14
"1091","100274","115131428",0.01308,2.2272,2022-12-05,2022-12-05
"1092","100274","115131651",0.01080594,3.25386,2022-12-08,2022-12-14
"1093","100274","115131654",0.01857,2.27748,2022-12-08,2022-12-14
"1094","100274","115131336",0.01536,10.83792,2022-12-01,2022-12-14
"1095","100274","115131327",0.01308,2.2272,2022-12-01,2022-12-13
"1096","100274","115131652",0.01076175,5.8425,2022-12-08,2022-12-14
"1097","100274","115131381",0.02064,10.47072,2022-12-01,2022-12-07
"1098","100275","115131325",0.01308,2.2272,2022-12-01,2022-12-13
"1099","100275","115131335",0.01536,10.83792,2022-12-01,2022-12-14
"1100","100275","115131510",0.03213756,21.61164,2022-12-06,2022-12-12
"1101","100275","115131508",0.06089115,10.145711004,2022-12-06,2022-12-12
"1102","100275","115131427",0.02616,4.4544,2022-12-05,2022-12-05
"1103","100275","115131507",0.04830548,10.792589334,2022-12-06,2022-12-12
"1104","100275","115131447",0.00894,0.96498,2022-12-06,2022-12-06
"1105","100275","115131140",0.03836376,5.707764,2022-12-01,2022-12-05
"1106","100275","115131509",0.04962416,14.244656008,2022-12-06,2022-12-12
"1107","100275","115131142",0.01533756,10.86912,2022-12-01,2022-12-05
"1108","100275","115131208",0.04176,6.62976,2022-12-01,2022-12-13
"1109","100275","115131139",0.03287735,7.87492,2022-12-01,2022-12-05
"1110","100275","115131141",0.02046,5.8488,2022-12-01,2022-12-05
"1111","100276","115131639",0.00198,1.19124,2022-12-08,2022-12-13
"1112","100276","115131641",0.01107348,6,2022-12-08,2022-12-13
"1113","100276","115131358",0.00768,5.44608,2022-12-01,2022-12-05
"1114","100276","115131365",0.08057394,17.772339,2022-12-01,2022-12-06
"1115","100276","115131366",0.007854,4.000014,2022-12-01,2022-12-06
"1116","100276","115131371",0.01299,1.45497,2022-12-01,2022-12-06
"1117","100276","115131357",0.02526704,6.989128,2022-12-01,2022-12-05
"1118","100276","115131354",0.01045002,5.685,2022-12-01,2022-12-05
"1119","100276","115131640",0.0093,1.222940502,2022-12-08,2022-12-13
"1120","100276","115131624",0.0979971,15.258474,2022-12-08,2022-12-12
"1121","100276","115131623",0.01608,3.40368,2022-12-08,2022-12-12
"1122","100276","115131356",0.06639356,10.239282,2022-12-01,2022-12-05
"1123","100276","115131642",0.03977328,10.745562012,2022-12-08,2022-12-13
"1124","100276","115131625",0.01730672,4.64933326,2022-12-08,2022-12-12
"1125","100276","115131367",0.01887498,2.333598,2022-12-01,2022-12-06
"1126","100276","115131368",0.02883348,18.89799,2022-12-01,2022-12-06
"1127","100276","115131370",0.02089216,5.508578012,2022-12-01,2022-12-06
"1128","100276","115131638",0.05712555,13.54107,2022-12-08,2022-12-13
"1129","100276","115131355",0.03013599,7.350249,2022-12-01,2022-12-05
"1130","100276","115131369",0.00678,0.228,2022-12-01,2022-12-06
"1131","100276","115131644",0.018,10.68528,2022-12-08,2022-12-13
"1132","100276","115131443",0.02616,4.4544,2022-12-05,2022-12-05
"1133","100276","115131643",0.04386,4.8399,2022-12-08,2022-12-13
"1134","100276","115131352",0.01536,10.83792,2022-12-01,2022-12-14
"1135","100276","115131372",0.1332,92.36784,2022-12-01,2022-12-06
"1136","100277","115131498",0.0304,3.314,2022-12-06,2022-12-11
"1137","100277","115131496",0.04655424,13.094496024,2022-12-06,2022-12-11
"1138","100277","115131452",0.32211612,67.236582012,2022-12-06,2022-12-06
"1139","100277","115131450",0.23005296,53.579251,2022-12-06,2022-12-06
"1140","100277","115131499",0.06696,37.07664,2022-12-06,2022-12-11
"1141","100277","115131497",0.06984,7.74984,2022-12-06,2022-12-11
"1142","100277","115131494",0.065127,34.68996,2022-12-06,2022-12-11
"1143","100277","115131493",0.02556,6.37848,2022-12-06,2022-12-11
"1144","100277","115131495",0.0247,4.0167,2022-12-06,2022-12-11
"1145","100277","115131474",0.01872,2.29008,2022-12-06,2022-12-12
"1146","100278","115131527",0.1308,22.272,2022-12-07,2022-12-20
"1147","100278","115131525",0.01224,10.068,2022-12-07,2022-12-09
"1148","100278","115131529",0.25873016,59.66812,2022-12-07,2022-12-09
"1149","100278","115131487",0.005904,3.275004,2022-12-06,2022-12-09
"1150","100278","115131530",0.32933592,59.938640004,2022-12-07,2022-12-09
"1151","100278","115131531",0.01788,1.92996,2022-12-07,2022-12-09
"1152","100278","115131407",0.01536,10.83792,2022-12-05,2022-12-05
"1153","100278","115131488",0.0076,0.8285,2022-12-06,2022-12-09
"1154","100278","115131321",0.01308,2.2272,2022-12-01,2022-12-13
"1155","100278","115131489",0.21547512,146.282800008,2022-12-06,2022-12-09
"1156","100278","115131445",0.01308,2.2272,2022-12-06,2022-12-06
"1157","100279","115131362",0.0192,2.44008,2022-12-01,2022-12-07
"1158","100279","115131361",0.22036968,48.217040004,2022-12-01,2022-12-07
"1159","100279","115131469",0.06452224,18.249968,2022-12-06,2022-12-10
"1160","100279","115131414",0.20245272,54.766968048,2022-12-05,2022-12-05
"1161","100279","115131413",0.25073208,36.533866008,2022-12-05,2022-12-05
"1162","100279","115131472",0.32891202,71.794639998,2022-12-06,2022-12-10
"1163","100279","115131333",0.03168,21.41472,2022-12-01,2022-12-07
"1164","100279","115131412",0.03072,21.792,2022-12-05,2022-12-05
"1165","100279","115131471",0.03445992,7.152,2022-12-06,2022-12-10
"1166","100279","115131360",0.03445992,7.152,2022-12-01,2022-12-07
"1167","100279","115131359",0.03576,3.85992,2022-12-01,2022-12-07
"1168","100279","115131630",0.0096,1.22004,2022-12-08,2022-12-14
"1169","100279","115131634",0.19276392,43.937360004,2022-12-08,2022-12-14
"1170","100279","115131635",0.01719996,3.012,2022-12-08,2022-12-14
"1171","100279","115131632",0.01788,1.92996,2022-12-08,2022-12-14
"1172","100279","115131468",0.0096,1.22004,2022-12-06,2022-12-10
"1173","100279","115131629",0.21253812,28.672392,2022-12-08,2022-12-14
"1174","100279","115131470",0.05364,5.78988,2022-12-06,2022-12-10
"1175","100279","115131467",0.32870016,49.191082008,2022-12-06,2022-12-10
"1176","100279","115131466",0.02352,16.15344,2022-12-06,2022-12-10
"1177","100279","115131633",0.05168988,10.728,2022-12-08,2022-12-14
"1178","100279","115131465",0.13315512,92.38032,2022-12-06,2022-12-10
"1179","100279","115131631",0.09461024,26.360500024,2022-12-08,2022-12-14
"1180","100279","115131464",0.00768,5.41896,2022-12-06,2022-12-10
"1181","100279","115131526",0.01719996,3.012,2022-12-07,2022-12-10
"1182","100279","115131628",0.08434536,59.79168,2022-12-08,2022-12-14
"1183","100280","115131462",0.18873132,26.209870008,2022-12-06,2022-12-10
"1184","100280","115131473",0.20320968,43.669040004,2022-12-06,2022-12-10
"1185","100280","115131463",0.04668224,12.785968,2022-12-06,2022-12-10
"1186","100280","115131415",0.01788,1.92996,2022-12-05,2022-12-05
"1187","100280","115131637",0.20146206,41.079919998,2022-12-08,2022-12-14
"1188","100280","115131627",0.02548024,6.732500024,2022-12-08,2022-12-14
"1189","100280","115131626",0.1578672,21.209914008,2022-12-08,2022-12-14
"1190","100280","115131332",0.04906,14.576,2022-12-01,2022-12-07
"1191","100280","115131411",0.13666896,18.2382,2022-12-05,2022-12-05
